,filename,url
0,README.md,https://github.com/aubreymoore/bamba/raw/main/README.md
1,Whatsapp pics/Duane lee avocado problem.jpg,https://github.com/aubreymoore/bamba/raw/main/Whatsapp pics/Duane lee avocado problem.jpg
2,Whatsapp pics/Kyle messaging using Whatsapp.jpg,https://github.com/aubreymoore/bamba/raw/main/Whatsapp pics/Kyle messaging using Whatsapp.jpg
3,Whatsapp pics/Rose pest problems on ornamentals.jpg,https://github.com/aubreymoore/bamba/raw/main/Whatsapp pics/Rose pest problems on ornamentals.jpg
4,Whatsapp pics/Vic grafting questions.jpg,https://github.com/aubreymoore/bamba/raw/main/Whatsapp pics/Vic grafting questions.jpg
5,Whatsapp pics/duane lee coconut tree problems.jpg,https://github.com/aubreymoore/bamba/raw/main/Whatsapp pics/duane lee coconut tree problems.jpg
6,Whatsapp pics/duane lee papaya problem.jpg,https://github.com/aubreymoore/bamba/raw/main/Whatsapp pics/duane lee papaya problem.jpg
7,Whatsapp pics/jeff whatsapp plant problem.jpg,https://github.com/aubreymoore/bamba/raw/main/Whatsapp pics/jeff whatsapp plant problem.jpg
8,Whatsapp pics/kyle pepper problem.jpg,https://github.com/aubreymoore/bamba/raw/main/Whatsapp pics/kyle pepper problem.jpg
9,Whatsapp pics/mike pest id.jpg,https://github.com/aubreymoore/bamba/raw/main/Whatsapp pics/mike pest id.jpg
10,Whatsapp pics/steve whatsapp mango problem.jpg,https://github.com/aubreymoore/bamba/raw/main/Whatsapp pics/steve whatsapp mango problem.jpg
11,Whatsapp pics/tommy pests on citrus.jpg,https://github.com/aubreymoore/bamba/raw/main/Whatsapp pics/tommy pests on citrus.jpg
